CONTRACT_,CLIENT_NAME,AE_NAME,AE_effective_date,ACV,EXP_DATE,EFF_DATE,POLICY_STATUS,CRS_POL_NUM,PH_EASY,sum_NATIVE_BOOKED,retention,growth,growth_of_retained,Cancel contract
921086364,NOVA CHEMICALS INC.,WAJUDAT ILUMOKA,2024-08-15,5000.0,2026-07-24,25-JUL-25,POLICY,921086364,325150346,13022.0,5000.0,8022.0,8022.0,0
921087685,"COUNTRY LIFE, LLC",OLIVIA MOESSER,2024-07-16,2500.0,2026-04-04,09-OCT-25,POLICY,921087685,277600140,3527.0,2500.0,1027.0,1027.0,0
921091789,CARAVAN INGREDIENTS INC.,WAJUDAT ILUMOKA,2024-02-15,4000.0,2026-02-13,14-FEB-25,POLICY,921091789,291056917,2000.0,4000.0,-2000.0,-2000.0,0
921091853,"PARK-OHIO INDUSTRIES, INC.",MEGAN BOYLE,2024-01-15,4000.0,2026-08-25,26-AUG-25,POLICY,921091853,283647423,12500.0,4000.0,8500.0,8500.0,0
921092643,INDIAN HEAD INDUSTRIES INC,OLIVIA MOESSER,2024-04-18,2500.0,2026-04-06,07-APR-25,POLICY,921092643,297650266,2500.0,2500.0,0.0,0.0,0
921094255,DYNABRADE INC,OLIVIA MOESSER,2025-02-14,4000.0,2026-07-23,24-JUL-25,POLICY,921094255,4566326255,4000.0,4000.0,0.0,0.0,0
921100304,KIKKERLAND DESIGN INC,WAJUDAT ILUMOKA,2024-05-15,5000.0,2026-07-20,21-JUL-25,POLICY,921100304,337615859,2767.0,5000.0,-2233.0,-2233.0,0
921101724,DEMETECH CORPORATION,OLIVIA MOESSER,2024-06-14,3000.0,2026-06-16,17-JUN-25,POLICY,921101724,4656991364,2500.0,3000.0,-500.0,-500.0,0
921102156,"JLG INDUSTRIES, INC.",MEGAN BOYLE,2024-09-10,5000.0,2026-09-10,11-SEP-25,POLICY,921102156,271693224,5000.0,5000.0,0.0,0.0,0
921102194,"AMERICAN FOODS GROUP, LLC",CHRISTINA DUPLESSIS,2024-04-01,10000.0,2026-03-31,01-APR-25,POLICY,921102194,344438878,8000.0,10000.0,-2000.0,-2000.0,0
921102956,DUCKHORN WINE COMPANY,MEGAN BOYLE,2024-02-01,3000.0,2026-02-13,14-FEB-25,POLICY,921102956,472203127,3000.0,3000.0,0.0,0.0,0
921104650,SSI LUBRICANTS LLC DBA SSI PETRO,WAJUDAT ILUMOKA,2024-04-26,6500.0,2026-01-27,28-JAN-25,POLICY,921104650,10269457390,7500.0,6500.0,1000.0,1000.0,0
921105514,"MITSUBISHI GAS CHEMICAL AMERICA, INC.",MIREILLE MWIZA IRADUKUNDA,2025-05-01,22000.0,2026-04-30,01-MAY-25,POLICY,921105514,339621923,22000.0,22000.0,0.0,0.0,0
921105755,CLOVER ENVIRONMENTAL SOLUTIONS LLC,CHRISTINA DUPLESSIS,2024-04-02,15000.0,2026-03-31,01-APR-25,POLICY,921105755,11665123630,12000.0,15000.0,-3000.0,-3000.0,0
921107069,"TROJAN BATTERY COMPANY, LLC",OLIVIA MOESSER,2023-12-15,2500.0,2026-02-17,18-FEB-25,POLICY,921107069,295023029,2500.0,2500.0,0.0,0.0,0
921107815,CAPITAL WHOLESALE DRUG COMPANY,CHRISTINA DUPLESSIS,2024-12-26,15000.0,2026-10-31,01-NOV-25,POLICY,921107815,504396563,17000.0,15000.0,2000.0,2000.0,0
921108517,BEA INC.,JANET ROSADO,2024-07-10,10000.0,2026-07-17,18-JUL-25,POLICY,921108517,311834946,20959.0,10000.0,10959.0,10959.0,0
921109258,RAUCH INDUSTRIES INC.,MEGAN BOYLE,2024-03-01,6000.0,2026-03-13,14-MAR-25,POLICY,921109258,277655549,2000.0,6000.0,-4000.0,-4000.0,0
921109655,"OTX LOGISTICS, INC.",OLIVIA MOESSER,2024-06-12,3000.0,2026-06-11,12-JUN-25,POLICY,921109655,7768168849,3000.0,3000.0,0.0,0.0,0
921109751,CTA DIGITAL INC.,MEGAN BOYLE,2024-02-15,2000.0,2026-02-16,17-FEB-25,POLICY,921109751,533461448,2000.0,2000.0,0.0,0.0,0
921112493,ATX NETWORKS CORP,MEGAN BOYLE,2024-04-01,4000.0,2026-03-31,01-APR-25,POLICY,921112493,7002729842,3500.0,4000.0,-500.0,-500.0,0
921113109,CHROMA TECHNOLOGY CORP.,OLIVIA MOESSER,2024-05-31,3200.0,2026-04-02,03-APR-25,POLICY,921113109,295056416,3301.0,3200.0,101.0,101.0,0
921113746,CPA POOL PRODUCTS INC.,OLIVIA MOESSER,2024-11-15,1000.0,2026-03-16,17-MAR-25,POLICY,921113746,5355170833,1965.0,1000.0,965.0,965.0,0
921114322,"STRANCO PRODUCTS, INC. OF ILLINOIS",OLIVIA MOESSER,2024-03-06,2500.0,2026-05-26,27-MAY-25,POLICY,921114322,346443275,2500.0,2500.0,0.0,0.0,0
921114693,"STREAKWAVE WIRELESS, INC.",WAJUDAT ILUMOKA,2024-04-18,5000.0,2026-03-31,01-APR-25,POLICY,921114693,1081855682,5000.0,5000.0,0.0,0.0,0
921115854,"ARROWSTAR, LLC",WAJUDAT ILUMOKA,2024-04-09,4000.0,2026-04-16,17-APR-25,POLICY,921115854,7055485225,2500.0,4000.0,-1500.0,-1500.0,0
921115857,ALUMINUM COIL ANODIZING,OLIVIA MOESSER,2024-01-15,2500.0,2026-12-03,04-DEC-25,POLICY,921115857,281068019,5000.0,2500.0,2500.0,2500.0,0
921116006,"UNIQUE INGREDIENTS, LLC",OLIVIA MOESSER,2024-10-14,2000.0,2026-10-19,20-OCT-25,POLICY,921116006,6323786579,2000.0,2000.0,0.0,0.0,0
921117187,"SPECTRUM BRANDS, INC.",WAJUDAT ILUMOKA,2024-05-15,4000.0,2026-04-01,02-APR-25,POLICY,921117187,473356577,4000.0,4000.0,0.0,0.0,0
921117858,PERMA PURE LLC,OLIVIA MOESSER,2025-02-14,9000.0,2026-01-29,09-OCT-25,POLICY,921117858,7965631269,12000.0,9000.0,3000.0,3000.0,0
921120107,DEPEND-O-DRAIN INC,MEGAN BOYLE,2024-03-14,4000.0,2026-03-13,14-MAR-25,POLICY,921120107,348650622,4000.0,4000.0,0.0,0.0,0
921122204,ALTUS GLOBAL TRADE SOLUTIONS (EXPERIAN PKG),JANET ROSADO,2024-02-01,98465.0,2026-02-13,14-FEB-25,POLICY,921122204,531231271,48000.0,98465.0,-50465.0,-50465.0,0
921125187,TURBO IMAGES INC.,MEGAN BOYLE,2024-06-21,4000.0,2026-06-22,23-JUN-25,POLICY,921125187,5340777646,2000.0,4000.0,-2000.0,-2000.0,0
921128089,"UNIVERSAL POWER GROUP, INC.",MEGAN BOYLE,2024-03-12,4000.0,2026-03-27,17-MAR-25,POLICY,921128089001,290172736,3000.0,4000.0,-1000.0,-1000.0,0
921128153,"PMC GROUP, INC.",WAJUDAT ILUMOKA,2024-07-17,5000.0,2026-12-15,16-DEC-25,POLICY,921128153,353115724,5000.0,5000.0,0.0,0.0,0
921137961,"MAGNOLIA FOREST PRODUCTS, INC.",MEGAN BOYLE,2024-03-05,5000.0,2026-03-02,03-MAR-25,POLICY,921137961,279506445,5000.0,5000.0,0.0,0.0,0
921138610,"SAMSUNG ELECTRONICS AMERICA, INC.",OLIVIA MOESSER,2025-05-01,20000.0,2026-01-21,22-JAN-25,POLICY,921138610,331280466,20000.0,20000.0,0.0,0.0,0
921138918,SAMSUNG ELECTRONICS CANADA INC.,CHRISTINA DUPLESSIS,2025-05-01,30000.0,2027-01-14,15-JAN-25,POLICY,921138918,382394064,60000.0,30000.0,30000.0,30000.0,0
921144302,"EASTERN FISHERIES, INC.",WAJUDAT ILUMOKA,2024-06-21,5000.0,2026-06-29,30-JUN-25,POLICY,921144302,285605451,2000.0,5000.0,-3000.0,-3000.0,0
921145320,"KEN'S FOODS, INC.",JANET ROSADO,2024-03-27,15000.0,2026-03-31,01-APR-25,POLICY,921145320,320399860,20354.0,15000.0,5354.0,5354.0,0
921147368,"MONTACHEM INTERNATIONAL, INC.",JANET ROSADO,2024-03-01,10000.0,2026-07-17,18-JUL-25,POLICY,921147368,338261431,34354.0,10000.0,24354.0,24354.0,0
921150738,"PAXXUS, INC.",MEGAN BOYLE,2024-05-01,4000.0,2026-04-30,18-NOV-25,POLICY,921150738,288946347,4219.0,4000.0,219.0,219.0,0
921150773,ANCO CHEMICALS INC,OLIVIA MOESSER,2024-10-15,2500.0,2026-10-19,20-OCT-25,POLICY,921150773,6905303892,2500.0,2500.0,0.0,0.0,0
921158551,"SUNBELT METAL PROCESSING, INC.",OLIVIA MOESSER,2024-12-04,2500.0,2026-12-10,11-DEC-25,POLICY,921158551,324552456,3000.0,2500.0,500.0,500.0,0
921158803,B & H FOTO & ELECTRONICS CORP.,MEGAN BOYLE,2024-03-01,8800.0,2026-04-10,11-APR-25,POLICY,921158803,282111914,13000.0,8800.0,4200.0,4200.0,0
921160508,GOLDSTEIN & BURTON INC.,OLIVIA MOESSER,2024-11-05,2500.0,2026-11-03,04-NOV-25,POLICY,921160508,276030738,2500.0,2500.0,0.0,0.0,0
921160786,"BEVERLY INDUSTRIES, L.L.C.",OLIVIA MOESSER,2024-09-17,2500.0,2026-09-16,17-SEP-25,POLICY,921160786,10493204462,2500.0,2500.0,0.0,0.0,0
921161040,"ELLWOOD GROUP, INC.",CHRISTINA DUPLESSIS,2025-05-01,45000.0,2026-07-31,01-AUG-25,POLICY,921161040,473518412,60000.0,45000.0,15000.0,15000.0,0
921161665,DEXERIALS AMERICA CORPORATION,OLIVIA MOESSER,2024-09-16,2500.0,2026-09-15,16-SEP-25,POLICY,921161665,328770563,2500.0,2500.0,0.0,0.0,0
921164864,"TOPPAN USA, INC.",OLIVIA MOESSER,2024-03-22,2500.0,2026-03-31,01-APR-25,POLICY,921164864,8910395240,2500.0,2500.0,0.0,0.0,0
921166621,"CREATIVE RETAIL PACKAGING, INC.",OLIVIA MOESSER,2024-08-15,4000.0,2026-08-14,15-AUG-25,POLICY,921166621,308621942,4000.0,4000.0,0.0,0.0,0
921167034,"CLOROX SALES COMPANY, THE",WAJUDAT ILUMOKA,2024-06-12,5000.0,2026-06-29,30-JUN-25,POLICY,921167034,591310481,6251.0,5000.0,1251.0,1251.0,0
921167105,STANDARD AERO LIMITED,CHRISTINA DUPLESSIS,2024-12-13,50000.0,2026-12-08,09-DEC-25,POLICY,921167105,389603840,71000.0,50000.0,21000.0,21000.0,0
921167129,DAC GROUP (THE) / HEILIND ELECTRONICS,OLIVIA MOESSER,2024-11-26,3000.0,2026-11-25,26-NOV-25,POLICY,921167129,473848950,3500.0,3000.0,500.0,500.0,0
921167219,"FIRST BUSINESS SPECIALTY FINANCE, LLC",WAJUDAT ILUMOKA,2024-07-01,5000.0,2026-06-29,30-JUN-25,POLICY,921167219,12375841144,2000.0,5000.0,-3000.0,-3000.0,0
921168041,"MITSUBISHI HC CAPITAL AMERICA, INC. - SKNN-UNITEK",MEGAN BOYLE,2024-11-21,2500.0,2026-11-20,21-NOV-25,POLICY,921168041,8365803917,5000.0,2500.0,2500.0,2500.0,0
921168218,TRYLON TSF INC,OLIVIA MOESSER,2024-10-31,2500.0,2026-10-29,30-OCT-25,POLICY,921168218,385700462,2500.0,2500.0,0.0,0.0,0
921168600,ROOT CAPITAL INC.,WAJUDAT ILUMOKA,2024-02-01,9000.0,2026-01-20,21-JAN-25,POLICY,921168600,11142514651,9000.0,9000.0,0.0,0.0,0
921169205,"DULANY INDUSTRIES, INC.",MEGAN BOYLE,2024-03-08,4000.0,2026-03-16,17-MAR-25,POLICY,921169205,492543636,4000.0,4000.0,0.0,0.0,0
921169256,BERKSHIRE CORPORATION,WAJUDAT ILUMOKA,2024-12-01,5000.0,2026-09-21,22-SEP-25,POLICY,921169256,332257030,9665.0,5000.0,4665.0,4665.0,0
921169986,"BOLLMAN HAT COMPANY, INC",JANET ROSADO,2024-01-05,10000.0,2026-01-31,01-FEB-25,POLICY,921169986,473222726,8500.0,10000.0,-1500.0,-1500.0,0
921170763,"INTERNATIONAL TRADE CONSULTANTS, INC.",WAJUDAT ILUMOKA,2024-12-09,4000.0,2026-11-13,14-NOV-25,POLICY,921170763,10355711545,22326.0,4000.0,18326.0,18326.0,0
921172174,GOVERNMENT OF THE PROVINCE OF QUEBEC,CHRISTINA DUPLESSIS,2024-09-25,10000.0,2026-09-24,25-SEP-25,POLICY,921172174,385457255,10000.0,10000.0,0.0,0.0,0
921172782,FIT FOR LIFE LLC,OLIVIA MOESSER,2024-05-20,2500.0,2026-05-15,05-SEP-25,POLICY,921172782,307679421,2792.0,2500.0,292.0,292.0,0
921174370,"MICRODRONES CANADA, INC",WAJUDAT ILUMOKA,2024-01-15,5500.0,2026-01-31,01-FEB-25,POLICY,921174370,11670605249,1796.0,5500.0,-3704.0,-3704.0,0
921174502,AMERICAN TEXTILE INDUSTRIES LL,OLIVIA MOESSER,2024-04-16,1800.0,2026-04-01,02-APR-25,POLICY,921174502,11766909317,1852.0,1800.0,52.0,52.0,0
921174546,"RISK PROTECTION INTERNATIONAL, LLC",OLIVIA MOESSER,2024-09-18,2000.0,2026-07-01,02-JUL-25,POLICY,921174546,5342735573,2500.0,2000.0,500.0,500.0,0
921175220,LYON CREDIT SERVICES,MEGAN BOYLE,2024-01-15,2675.0,2026-02-02,03-FEB-25,POLICY,921175220,6957654081,2500.0,2675.0,-175.0,-175.0,0
921175644,EPICURE FOODS CORP,OLIVIA MOESSER,2024-07-01,3000.0,2026-05-26,27-MAY-25,POLICY,921175644,472182822,3500.0,3000.0,500.0,500.0,0
921175737,"GOYA FOODS OF FLORIDA, LLC",JANET ROSADO,2025-02-11,2500.0,2026-07-17,18-JUL-25,POLICY,921175737,8939411837,2500.0,2500.0,0.0,0.0,0
921175754,KTR CORPORATION (FOREIGN PARENT IS KTR KUPPLUNGSTECHNIK,OLIVIA MOESSER,2024-08-29,4000.0,2026-08-28,29-AUG-25,POLICY,921175754,343799772,4000.0,4000.0,0.0,0.0,0
921176133,TOP GRADE MOLDS LTD,OLIVIA MOESSER,2024-07-15,2500.0,2026-07-14,15-JUL-25,POLICY,921176133,378487504,2500.0,2500.0,0.0,0.0,0
921176214,"SAINT PAUL COMMODITIES, INC.",CHRISTINA DUPLESSIS,2024-07-01,10000.0,2026-09-24,25-SEP-25,POLICY,921176214,10190167533,8350.0,10000.0,-1650.0,-1650.0,0
921176441,"COASTAL BUSINESS SUPPLIES, INC.",OLIVIA MOESSER,2024-11-12,2500.0,2026-11-10,11-NOV-25,POLICY,921176441,340033531,2500.0,2500.0,0.0,0.0,0
921178145,"ALCA TRADING, CORPORATION",WAJUDAT ILUMOKA,2024-05-14,5000.0,2026-09-09,10-SEP-25,POLICY,921178145,2321331744,10000.0,5000.0,5000.0,5000.0,0
921178242,"PENN INTERNATIONAL ASSOCIATES, INC.",WAJUDAT ILUMOKA,2024-06-28,4000.0,2026-06-29,30-JUN-25,POLICY,921178242,5339630358,4000.0,4000.0,0.0,0.0,0
921178376,PROCECO LTD,OLIVIA MOESSER,2024-11-18,4000.0,2026-11-18,19-NOV-25,POLICY,921178376,376318343,2500.0,4000.0,-1500.0,-1500.0,0
921179349,SENTRY INDUSTRIES INC,WAJUDAT ILUMOKA,2024-04-29,7500.0,2026-12-18,19-DEC-25,POLICY,921179349,489055048,20000.0,7500.0,12500.0,12500.0,0
921180663,ATLAS STEEL PRODUCTS CO.,OLIVIA MOESSER,2024-09-05,2500.0,2026-09-04,05-SEP-25,POLICY,921180663,292547119,2000.0,2500.0,-500.0,-500.0,0
921182312,"ORANGE COAST PNEUMATICS, INC.",JANET ROSADO,2024-02-01,25000.0,2026-02-23,24-FEB-25,POLICY,921182312,11538577536,25000.0,25000.0,0.0,0.0,0
921182684,DOMFOAM INC,OLIVIA MOESSER,2024-07-15,2500.0,2026-07-13,14-JUL-25,POLICY,921182684,8136518856,2500.0,2500.0,0.0,0.0,0
921183642,TECHNOGEL U.S. INC.,OLIVIA MOESSER,2024-07-09,2500.0,2026-05-01,28-AUG-25,POLICY,921183642,6457630943,4032.0,2500.0,1532.0,1532.0,0
921184266,"DRIVE PRODUCTS, INC",CHRISTINA DUPLESSIS,2024-09-10,10000.0,2026-09-10,11-SEP-25,POLICY,921184266,377303545,12000.0,10000.0,2000.0,2000.0,0
921184320,COIM USA INC.,JANET ROSADO,2024-06-25,13000.0,2026-09-30,27-JUN-25,POLICY,921184320,1406196049,13000.0,13000.0,0.0,0.0,0
921185271,"PRESIDENT CONTAINER GROUP II, LLC",MEGAN BOYLE,2024-12-11,5000.0,2026-12-16,17-DEC-25,POLICY,921185271,8829314644,5000.0,5000.0,0.0,0.0,0
921185392,KNIGHT MATERIAL TECHNOLOGIES LLC,WAJUDAT ILUMOKA,2024-02-22,7000.0,2026-08-26,27-AUG-25,POLICY,921185392,2316039133,25000.0,7000.0,18000.0,18000.0,0
921186285,TRICON INTERNATIONAL LTD.,JANET ROSADO,2024-05-06,30000.0,2026-05-01,02-MAY-25,POLICY,921186285,280320367,47487.0,30000.0,17487.0,17487.0,0
921186568,TATA INTERNATIONAL METALS (AMERICAS) LIMITED,WAJUDAT ILUMOKA,2024-07-08,4000.0,2026-07-16,17-JUL-25,POLICY,921186568,569804953,4000.0,4000.0,0.0,0.0,0
921188308,"MERRYWEATHER FOAM , INC.",WAJUDAT ILUMOKA,2024-08-01,5000.0,2026-07-15,16-JUL-25,POLICY,921188308,278550439,5000.0,5000.0,0.0,0.0,0
921189478,"ABC POLYMER INDUSTRIES, LLC",MEGAN BOYLE,2025-02-11,7000.0,2026-04-03,04-APR-25,POLICY,921189478,298083341,7671.0,7000.0,671.0,671.0,0
921189703,CARUS CHEMICAL CO,OLIVIA MOESSER,2024-07-15,6000.0,2026-07-13,14-JUL-25,POLICY,921189703,301168454,6500.0,6000.0,500.0,500.0,0
921190719,"PRESTIGE CAPITAL FINANCE, LLC",MEGAN BOYLE,2024-10-02,5455.0,2026-06-18,20-NOV-25,POLICY,921190719,2913832651,13881.0,5455.0,8426.0,8426.0,0
921191660,"SPI PHARMA, INC.",WAJUDAT ILUMOKA,2025-02-13,5000.0,2026-02-12,13-FEB-25,POLICY,921191660,5214544313,7500.0,5000.0,2500.0,2500.0,0
921191667,"B D G WRAP-TITE, INC.",OLIVIA MOESSER,2024-11-05,3000.0,2026-11-03,04-NOV-25,POLICY,921191667,5856320046,2500.0,3000.0,-500.0,-500.0,0
921192181,ROBERT W. BAIRD & CO. INCORPORATED,OLIVIA MOESSER,2024-04-26,2500.0,2026-04-14,15-APR-25,POLICY,921192181,6730556466,2800.0,2500.0,300.0,300.0,0
921193137,CO-OPERATIVE REGIONALE DE NIPISSING-SUDBURY LIMITED,CHRISTINA DUPLESSIS,2024-01-15,10350.0,2026-02-03,04-FEB-25,POLICY,921193137,5261180435,7000.0,10350.0,-3350.0,-3350.0,0
921193538,PRIMEX INTERNATIONAL TRADING CORP,WAJUDAT ILUMOKA,2023-10-01,5000.0,2026-06-04,05-JUN-25,POLICY,921193538,288337447,2500.0,5000.0,-2500.0,-2500.0,0
921193575,"ACME FINISHING COMPANY, LLC",MEGAN BOYLE,2024-03-18,4000.0,2026-03-16,17-MAR-25,POLICY,921193575,8432495873,3000.0,4000.0,-1000.0,-1000.0,0
921193997,MULTI-PACK SOLUTIONS LLC,MEGAN BOYLE,2024-03-01,5000.0,2026-03-13,14-MAR-25,POLICY,921193997,11759054123,4000.0,5000.0,-1000.0,-1000.0,0
921194189,"B'LASTER CORPORATION, THE",OLIVIA MOESSER,2024-03-22,2500.0,2026-03-31,01-APR-25,POLICY,921194189,7755678281,1250.0,2500.0,-1250.0,-1250.0,0
921194658,BOOK DEPOT INC,WAJUDAT ILUMOKA,2024-04-23,5000.0,2026-12-14,15-DEC-25,POLICY,921194658,3385623262,7773.0,5000.0,2773.0,2773.0,0
921194674,ARTIKA FOR LIVING INC.,WAJUDAT ILUMOKA,2024-06-03,4502.0,2026-06-04,05-JUN-25,POLICY,921194674,6466024527,2500.0,4502.0,-2002.0,-2002.0,0
921195593,LGI SERVICES,CHRISTINA DUPLESSIS,2024-07-03,11000.0,2026-10-30,31-OCT-25,POLICY,921195593,16411210855,17000.0,11000.0,6000.0,6000.0,0
921195607,"NITTA GELATIN NA, INC.",WAJUDAT ILUMOKA,2024-07-03,5000.0,2026-04-09,10-APR-25,POLICY,921195607,4547341238,7442.0,5000.0,2442.0,2442.0,0
921195622,OLYMPIC FOREST PRODUCTS,WAJUDAT ILUMOKA,2024-04-25,4000.0,2026-01-22,23-JAN-25,POLICY,921195622,357616738,6000.0,4000.0,2000.0,2000.0,0
921196299,"APL LOGISTICS AMERICAS, LTD",JANET ROSADO,2024-07-01,380000.0,2026-06-30,01-JUL-25,POLICY,921196299,311138916,399000.0,380000.0,19000.0,19000.0,0
921196519,"IRIS U.S.A., INC.",OLIVIA MOESSER,2025-02-11,10000.0,2026-12-15,16-DEC-25,POLICY,921196519,317725143,7500.0,10000.0,-2500.0,-2500.0,0
921196650,BARNET PRODUCTS LLC,MEGAN BOYLE,2024-09-03,5000.0,2026-07-17,18-JUL-25,POLICY,921196650,274001440,5000.0,5000.0,0.0,0.0,0
921196788,SHERWOOD LUMBER CORPORATION,WAJUDAT ILUMOKA,2024-08-30,4000.0,2026-10-08,09-OCT-25,POLICY,921196788,294331443,2000.0,4000.0,-2000.0,-2000.0,0
921196864,"APL LOGISTICS AMERICAS, LTD",JANET ROSADO,2024-10-01,24000.0,2026-09-30,01-OCT-25,POLICY,921196864,311138916,25200.0,24000.0,1200.0,1200.0,0
921197476,DISTECH CONTROLS INC,CHRISTINA DUPLESSIS,2024-09-01,25000.0,2026-08-28,29-AUG-25,POLICY,921197476,384180762,40000.0,25000.0,15000.0,15000.0,0
921197640,VSE CORPORATION,JANET ROSADO,2024-10-11,70000.0,2026-07-02,03-JUL-25,POLICY,921197640,356451973,96220.0,70000.0,26220.0,26220.0,0
921198467,"KOCH CAPABILITIES, LLC",CHRISTINA DUPLESSIS,2024-12-06,35000.0,2026-12-04,05-DEC-25,POLICY,921198467,7423381045,25000.0,35000.0,-10000.0,-10000.0,0
921198933,"SELECT MILK PRODUCERS, INC.",WAJUDAT ILUMOKA,2024-01-08,5000.0,2026-01-21,22-JAN-25,POLICY,921198933,10285979479,5000.0,5000.0,0.0,0.0,0
921198947,"SHARKCRATES, LLC",WAJUDAT ILUMOKA,2024-01-01,4000.0,2026-01-21,22-JAN-25,POLICY,921198947,15182404872,4000.0,4000.0,0.0,0.0,0
921198959,"ABLE FREIGHT SERVICES, LLC",WAJUDAT ILUMOKA,2024-01-15,7750.0,2026-02-13,14-FEB-25,POLICY,921198959,6842963844,5500.0,7750.0,-2250.0,-2250.0,0
921199025,SPECTRA COLORS CORP.,OLIVIA MOESSER,2024-11-14,4000.0,2026-11-18,19-NOV-25,POLICY,921199025,320711256,3042.0,4000.0,-958.0,-958.0,0
921199065,JADE-STERLING STEEL CO. INC.,CHRISTINA DUPLESSIS,2024-01-15,10000.0,2026-12-10,11-DEC-25,POLICY,921199065,278137821,20500.0,10000.0,10500.0,10500.0,0
921199260,ALEXINGREDIENTS INC,WAJUDAT ILUMOKA,2024-02-01,4000.0,2026-01-21,22-JAN-25,POLICY,921199260,6926991559,4000.0,4000.0,0.0,0.0,0
921199351,"MILSPED US, LLC",WAJUDAT ILUMOKA,2024-02-01,5350.0,2026-04-30,01-MAY-25,POLICY,921199351,16270594234,3000.0,5350.0,-2350.0,-2350.0,0
921199783,SEAMAN PAPER COMPANY OF MASSACHUSETTS,CHRISTINA DUPLESSIS,2024-03-06,29185.0,2026-02-13,14-FEB-25,POLICY,921199783,300060211,50000.0,29185.0,20815.0,20815.0,0
921199793,INTEGRITY FIBER SUPPLY LLC,MEGAN BOYLE,2024-03-06,6000.0,2026-03-16,17-MAR-25,POLICY,921199793,10997675731,2000.0,6000.0,-4000.0,-4000.0,0
921199839,SG CERESCO INC,CHRISTINA DUPLESSIS,2024-03-15,23047.0,2026-06-16,17-JUN-25,POLICY,921199839,15504703161,3203.0,23047.0,-19844.0,-19844.0,0
921200247,"SONOVA CONSUMER HEARING USA, LLC",WAJUDAT ILUMOKA,2024-04-09,4000.0,2026-04-15,16-APR-25,POLICY,921200247,14993487364,3500.0,4000.0,-500.0,-500.0,0
921200400,"FUSION TRADE, INC.",CHRISTINA DUPLESSIS,2024-12-17,12000.0,2026-12-15,16-DEC-25,POLICY,921200400,328588423,20000.0,12000.0,8000.0,8000.0,0
921200694,CELCO INC.,WAJUDAT ILUMOKA,2024-05-06,4000.0,2026-05-15,16-MAY-25,POLICY,921200694,378736872,4000.0,4000.0,0.0,0.0,0
921200729,"BOEING DISTRIBUTION, INC.",JANET ROSADO,2024-05-20,150000.0,2026-06-29,30-JUN-25,POLICY,921200729,473228534,165000.0,150000.0,15000.0,15000.0,0
921200741,"DNP AMERICA, LLC",MEGAN BOYLE,2025-02-11,6000.0,2026-05-20,21-MAY-25,POLICY,921200741,1193773364,5000.0,6000.0,-1000.0,-1000.0,0
921200791,"SABRE ALLOYS, L.P.",WAJUDAT ILUMOKA,2024-05-24,5000.0,2026-05-28,29-MAY-25,POLICY,921200791,7699738684,5000.0,5000.0,0.0,0.0,0
921200809,"U.S. ELECTRICAL SERVICES, INC.",MEGAN BOYLE,2025-02-11,6000.0,2026-06-02,03-JUN-25,POLICY,921200809,8099893957,2500.0,6000.0,-3500.0,-3500.0,0
921201107,"NEOVIA LOGISTICS SERVICES, LLC",OLIVIA MOESSER,2024-06-04,1000.0,2026-06-23,24-JUN-25,POLICY,921201107,8376106281,1000.0,1000.0,0.0,0.0,0
921201214,COGISCAN INC.,WAJUDAT ILUMOKA,2024-06-26,6000.0,2026-06-25,26-JUN-25,POLICY,921201214,4250221125,6000.0,6000.0,0.0,0.0,0
921201631,"CRAWLSPACEREPAIR.COM, LLC",OLIVIA MOESSER,2025-02-14,4000.0,2026-09-23,24-SEP-25,POLICY,921201631,16342218562,4000.0,4000.0,0.0,0.0,0
921201929,"OBOZ FOOTWEAR, LLC",CHRISTINA DUPLESSIS,2024-08-12,10659.0,2026-08-25,26-AUG-25,POLICY,921201929,14869504664,10000.0,10659.0,-659.0,-659.0,0
921201949,"TE WIRE & CABLE, LLC",OLIVIA MOESSER,2025-02-14,6000.0,2026-08-18,19-AUG-25,POLICY,921201949,1045777456,6000.0,6000.0,0.0,0.0,0
921201994,"MEDIA SPACE, INC.",MEGAN BOYLE,2024-08-23,4000.0,2026-08-24,25-AUG-25,POLICY,921201994,330146865,4000.0,4000.0,0.0,0.0,0
921202006,MACSTEEL INTERNATIONAL USA CORPORATION,WAJUDAT ILUMOKA,2024-08-27,7596.0,2025-11-20,19-NOV-25,POLICY EXPIRED,921202006,292620157,1168.0,7596.0,-6428.0,-6428.0,0
921202270,APOLLO MANUFACTURING INC.,MEGAN BOYLE,2024-09-10,6000.0,2026-09-30,01-OCT-25,POLICY,921202270,17633710889,1000.0,6000.0,-5000.0,-5000.0,0
921202277,CROWN POINT LTD,MEGAN BOYLE,2024-09-11,7500.0,2026-08-28,29-AUG-25,POLICY,921202277,312367071,7725.0,7500.0,225.0,225.0,0
921202295,"KOVALUS SEPARATION SOLUTIONS, INC.",CHRISTINA DUPLESSIS,2024-09-13,30000.0,2026-09-11,12-SEP-25,POLICY,921202295,283152828,40000.0,30000.0,10000.0,10000.0,0
921202390,"GLOBAL CONCEPTS ENTERPRISE, INC.",OLIVIA MOESSER,2024-10-02,4000.0,2026-10-05,06-OCT-25,POLICY,921202390,327252075,4000.0,4000.0,0.0,0.0,0
921203055,RAMSEY POPCORN CO INC,OLIVIA MOESSER,2024-10-04,4000.0,2026-10-05,06-OCT-25,POLICY,921203055,335419170,4000.0,4000.0,0.0,0.0,0
921203127,BAYSIDE BEST BEANS LLC,OLIVIA MOESSER,2024-10-17,4000.0,2026-10-15,16-OCT-25,POLICY,921203127,11973846845,2500.0,4000.0,-1500.0,-1500.0,0
921203688,VINMAR INTERNATIONAL LTD,CHRISTINA DUPLESSIS,2024-11-01,180000.0,2026-06-26,26-NOV-25,POLICY,921203688,5771107159,500000.0,180000.0,320000.0,320000.0,0
921203714,"AMERIHEALTH CARITAS SERVICES, LLC",CHRISTINA DUPLESSIS,2024-11-14,4500.0,2026-01-13,11-SEP-25,POLICY,921203714,15284581611,1270.0,4500.0,-3230.0,-3230.0,0
921203715,RADWELL INTERNATIONAL INC.,OLIVIA MOESSER,2024-11-14,3000.0,2026-11-03,04-NOV-25,POLICY,921203715,5211222358,3182.0,3000.0,182.0,182.0,0
921203744,"VASWANI, INC.",OLIVIA MOESSER,2024-11-18,4000.0,2026-11-18,19-NOV-25,POLICY,921203744,5876221470,4000.0,4000.0,0.0,0.0,0
921204091,"GKC ARCHITECTS, G.P.",WAJUDAT ILUMOKA,2024-12-08,4000.0,2026-12-14,15-DEC-25,POLICY,921204091,20011173262,4000.0,4000.0,0.0,0.0,0
921204132,GROUPE BBA INC,WAJUDAT ILUMOKA,2024-12-17,3000.0,2026-10-23,24-OCT-25,POLICY,921204132,10285999835,5000.0,3000.0,2000.0,2000.0,0
921204163,GOLDSTEIN & BURTON INC.,OLIVIA MOESSER,2024-12-06,1000.0,2026-12-08,09-DEC-25,POLICY,921204163,276030738,1000.0,1000.0,0.0,0.0,0
921204179,STAR OF THE WEST MILLING COMPANY,MEGAN BOYLE,2024-12-23,6000.0,2025-12-22,23-DEC-24,POLICY EXPIRED,921204179,4541919168,6000.0,6000.0,0.0,0.0,0
921101553,"AVIATION DEVICES AND ELECTRONIC COMPONENTS, L.L.C.",MEGAN BOYLE,2024-11-25,5000.0,2025-09-12,25-NOV-24,CANCELLED,921101553,6439762150,0.0,0.0,-5000.0,0.0,1
921106739,CENVEO WORLDWIDE LIMITED,CHRISTINA DUPLESSIS,2024-04-01,28271.0,2025-03-28,27-MAR-25,CANCELLED,921106739,10724423559,84.0,0.0,-28187.0,0.0,1
921161028,SOTERA HEALTH LLC,CHRISTINA DUPLESSIS,2024-10-11,40000.0,2025-10-10,11-OCT-24,CANCELLED,921161028,10527125449,24608.0,0.0,-15392.0,0.0,1
921171965,COSTEX CORPORATION DBA COSTEX TRACTOR PARTS,OLIVIA MOESSER,2024-01-12,3000.0,2025-02-28,27-FEB-25,CANCELLED,921171965,282712833,51.0,0.0,-2949.0,0.0,1
921174406,BOSWELL OIL COMPANY,JANET ROSADO,2024-03-14,15941.0,2025-03-04,03-MAR-25,CANCELLED,921174406,9802796443,2299.0,0.0,-13642.0,0.0,1
921193658,CRAYHILL CAPITAL MANAGEMENT LP,OLIVIA MOESSER,2024-02-20,2500.0,2025-04-02,01-APR-25,CANCELLED,921193658,9378195040,1422.0,0.0,-1078.0,0.0,1
921201139,40 SEAS INC.,OLIVIA MOESSER,2024-06-11,2000.0,2025-06-10,11-JUN-24,CANCELLED,921201139,15334894471,2.0,0.0,-1998.0,0.0,1
921202001,"BURRANA, INC.",OLIVIA MOESSER,2025-02-14,8866.0,2025-08-22,21-APR-25,CANCELLED,921202001,8811193654,4311.0,0.0,-4555.0,0.0,1
921084699,FIKE CORPORATION,WAJUDAT ILUMOKA,2024-04-15,4000.0,2025-04-14,15-APR-24,CANCELLED,921084699,301576425,0.0,0.0,-4000.0,0.0,1
921096410,TERPHANE LLC,MEGAN BOYLE,2024-03-15,4000.0,2025-03-14,15-MAR-24,CANCELLED,921096410,272741462,0.0,0.0,-4000.0,0.0,1
921106107,"PALMDALE OIL COMPANY, INC",OLIVIA MOESSER,2025-05-01,15000.0,2025-08-18,19-AUG-24,CANCELLED,921106107,1085139452,0.0,0.0,-15000.0,0.0,1
921108068,"ASAHI AMERICA, INC",WAJUDAT ILUMOKA,2024-04-24,4000.0,2025-04-15,24-APR-24,CANCELLED,921108068,323202470,0.0,0.0,-4000.0,0.0,1
921131357,"MORBARK, INC.",WAJUDAT ILUMOKA,2024-07-14,8500.0,2025-07-14,14-JUL-24,CANCELLED,921131357,2334658153,0.0,0.0,-8500.0,0.0,1
921162577,"BOSTON AGREX, LLC",CHRISTINA DUPLESSIS,2024-02-01,11000.0,2025-03-17,01-FEB-24,CANCELLED,921162577,473672367,0.0,0.0,-11000.0,0.0,1
921169059,NIFTY HOME PRODUCTS INC.,OLIVIA MOESSER,2024-01-15,2500.0,2025-01-31,15-JAN-24,CANCELLED,921169059,8827654222,0.0,0.0,-2500.0,0.0,1
921178056,"WORLD INTERNATIONAL TRADING, LLC",WAJUDAT ILUMOKA,2024-01-15,5000.0,2025-01-14,15-JAN-24,CANCELLED,921178056,280837439,0.0,0.0,-5000.0,0.0,1
921182683,NUHOME ELECTRONICS INC,OLIVIA MOESSER,2023-07-15,2500.0,2024-12-31,15-JUL-23,CANCELLED,921182683,2299613365,0.0,0.0,-2500.0,0.0,1
921188265,"HERITAGE PLASTICS, INC.",JANET ROSADO,2024-06-03,12500.0,2025-06-02,03-JUN-24,CANCELLED,921188265,320827883,0.0,0.0,-12500.0,0.0,1
921188856,"SPECIAL MINE SERVICES, INC.",WAJUDAT ILUMOKA,2024-06-12,4000.0,2025-06-11,12-JUN-24,CANCELLED,921188856,6700036434,0.0,0.0,-4000.0,0.0,1
921190088,"UNITED ANIMAL HEALTH, INC.",WAJUDAT ILUMOKA,2024-08-20,4000.0,2025-08-19,20-AUG-24,CANCELLED,921190088,487834266,0.0,0.0,-4000.0,0.0,1
921193198,"CROWN FINANCIAL, L.L.C.",OLIVIA MOESSER,2024-01-15,2500.0,2025-01-14,15-JAN-24,CANCELLED,921193198,15631733142,0.0,0.0,-2500.0,0.0,1
921193704,"WILAND, INC.",OLIVIA MOESSER,2024-03-06,2500.0,2025-03-14,06-MAR-24,CANCELLED,921193704,7064068828,0.0,0.0,-2500.0,0.0,1
921194455,S&E EXPERTS INFONUAGIQUE INC,MEGAN BOYLE,2024-04-04,3500.0,2025-03-31,04-APR-24,CANCELLED,921194455,10705574616,0.0,0.0,-3500.0,0.0,1
921194577,E&H INDUSTRIES LLC,WAJUDAT ILUMOKA,2024-04-15,3500.0,2025-04-14,15-APR-24,CANCELLED,921194577,10356127547,0.0,0.0,-3500.0,0.0,1
921194617,"WOLTERS KLUWER HEALTH, INC.",JANET ROSADO,2024-04-15,10000.0,2025-05-09,15-APR-24,CANCELLED,921194617,649177749,0.0,0.0,-10000.0,0.0,1
921195170,"ATLANTIC BEVERAGE COMPANY, INC.",WAJUDAT ILUMOKA,2024-05-31,4000.0,2025-05-30,31-MAY-24,CANCELLED,921195170,304285338,0.0,0.0,-4000.0,0.0,1
921195634,"ENERGY FEEDS INTERNATIONAL, LLC",WAJUDAT ILUMOKA,2024-05-08,4500.0,2025-05-15,08-MAY-24,CANCELLED,921195634,6078047719,0.0,0.0,-4500.0,0.0,1
921196841,"NATURAL ORGANICS, INC.",WAJUDAT ILUMOKA,2023-09-15,3500.0,2024-12-31,15-SEP-23,CANCELLED,921196841,274598722,0.0,0.0,-3500.0,0.0,1
921198079,Le Groupe Lemur Inc.,OLIVIA MOESSER,2023-11-15,3500.0,2025-01-15,15-NOV-23,CANCELLED,921198079,5233493115,0.0,0.0,-3500.0,0.0,1
921198988,IMDEX LIMITED (AUSTRALIA) C/O IMDEX USA,CHRISTINA DUPLESSIS,2024-01-15,10000.0,2025-04-10,15-JAN-24,CANCELLED,921198988,21875603136,0.0,0.0,-10000.0,0.0,1
921199769,MIDLAND DAVIS CORPORATION,MEGAN BOYLE,2024-03-01,6000.0,2025-03-14,01-MAR-24,CANCELLED,921199769,2357029274,0.0,0.0,-6000.0,0.0,1
921199780,"KURARAY AMERICA, INC.",JANET ROSADO,2024-03-05,54133.0,2025-05-07,05-MAR-24,CANCELLED,921199780,347265632,0.0,0.0,-54133.0,0.0,1
921200126,"METAL ONE AMERICA, INC.",MEGAN BOYLE,2024-04-01,6000.0,2025-03-31,01-APR-24,CANCELLED,921200126,285750264,0.0,0.0,-6000.0,0.0,1
921200206,STEEL TECH STRUCTURE LLC,OLIVIA MOESSER,2024-04-10,1000.0,2025-04-15,10-APR-24,CANCELLED,921200206,17444287825,0.0,0.0,-1000.0,0.0,1
921200207,WORLD FRESH PRODUCE INC,OLIVIA MOESSER,2024-04-03,1000.0,2025-04-02,03-APR-24,CANCELLED,921200207,10525832286,0.0,0.0,-1000.0,0.0,1
921200223,SYLVAMO CORPORATION,MEGAN BOYLE,2024-04-05,6000.0,2025-03-31,05-APR-24,CANCELLED,921200223,14663967076,0.0,0.0,-6000.0,0.0,1
921200365,"SIMPLER POSTAGE, INC.",MEGAN BOYLE,2024-04-24,4000.0,2025-04-15,24-APR-24,CANCELLED,921200365,10116821161,0.0,0.0,-4000.0,0.0,1
921200785,"LEDGERFUNDING, INC.",WAJUDAT ILUMOKA,2024-05-23,6000.0,2025-05-15,23-MAY-24,CANCELLED,921200785,17692480724,0.0,0.0,-6000.0,0.0,1
921201144,"MIDWEST BUSINESS FUNDING, INC.",WAJUDAT ILUMOKA,2024-06-13,7500.0,2025-06-12,13-JUN-24,CANCELLED,921201144,6775096162,0.0,0.0,-7500.0,0.0,1
921201228,"INCEPTUA, INC",OLIVIA MOESSER,2024-06-27,3000.0,2025-06-26,27-JUN-24,CANCELLED,921201228,22915999641,0.0,0.0,-3000.0,0.0,1
921201235,"INCEPTUA, INC",OLIVIA MOESSER,2024-06-28,1000.0,2025-06-27,28-JUN-24,CANCELLED,921201235,22915999641,0.0,0.0,-1000.0,0.0,1
921201540,OMNICOM GROUP INC.,JANET ROSADO,2024-11-15,50000.0,2025-08-31,15-NOV-24,CANCELLED,921201540,473384762,0.0,0.0,-50000.0,0.0,1
921201663,PRODUCE TEAM LLC,WAJUDAT ILUMOKA,2024-07-31,6000.0,2025-07-30,31-JUL-24,CANCELLED,921201663,12059668985,0.0,0.0,-6000.0,0.0,1
921201991,"BURRANA, INC.",OLIVIA MOESSER,2025-02-11,1134.0,2025-08-22,23-AUG-24,CANCELLED,921201991,8811193654,0.0,0.0,-1134.0,0.0,1
921203728,"PISEC GROUP AMERICA, LLC",WAJUDAT ILUMOKA,2024-11-19,5000.0,2025-04-30,19-NOV-24,CANCELLED,921203728,10099482472,0.0,0.0,-5000.0,0.0,1
